"Label (Grouping)","Benton County, Washington!!Total!!Estimate","Benton County, Washington!!Total!!Margin of Error","Benton County, Washington!!Below poverty level!!Estimate","Benton County, Washington!!Below poverty level!!Margin of Error","Benton County, Washington!!Percent below poverty level!!Estimate","Benton County, Washington!!Percent below poverty level!!Margin of Error","Chelan County, Washington!!Total!!Estimate","Chelan County, Washington!!Total!!Margin of Error","Chelan County, Washington!!Below poverty level!!Estimate","Chelan County, Washington!!Below poverty level!!Margin of Error","Chelan County, Washington!!Percent below poverty level!!Estimate","Chelan County, Washington!!Percent below poverty level!!Margin of Error","Clallam County, Washington!!Total!!Estimate","Clallam County, Washington!!Total!!Margin of Error","Clallam County, Washington!!Below poverty level!!Estimate","Clallam County, Washington!!Below poverty level!!Margin of Error","Clallam County, Washington!!Percent below poverty level!!Estimate","Clallam County, Washington!!Percent below poverty level!!Margin of Error","Clark County, Washington!!Total!!Estimate","Clark County, Washington!!Total!!Margin of Error","Clark County, Washington!!Below poverty level!!Estimate","Clark County, Washington!!Below poverty level!!Margin of Error","Clark County, Washington!!Percent below poverty level!!Estimate","Clark County, Washington!!Percent below poverty level!!Margin of Error","Cowlitz County, Washington!!Total!!Estimate","Cowlitz County, Washington!!Total!!Margin of Error","Cowlitz County, Washington!!Below poverty level!!Estimate","Cowlitz County, Washington!!Below poverty level!!Margin of Error","Cowlitz County, Washington!!Percent below poverty level!!Estimate","Cowlitz County, Washington!!Percent below poverty level!!Margin of Error","Franklin County, Washington!!Total!!Estimate","Franklin County, Washington!!Total!!Margin of Error","Franklin County, Washington!!Below poverty level!!Estimate","Franklin County, Washington!!Below poverty level!!Margin of Error","Franklin County, Washington!!Percent below poverty level!!Estimate","Franklin County, Washington!!Percent below poverty level!!Margin of Error","Grant County, Washington!!Total!!Estimate","Grant County, Washington!!Total!!Margin of Error","Grant County, Washington!!Below poverty level!!Estimate","Grant County, Washington!!Below poverty level!!Margin of Error","Grant County, Washington!!Percent below poverty level!!Estimate","Grant County, Washington!!Percent below poverty level!!Margin of Error","Grays Harbor County, Washington!!Total!!Estimate","Grays Harbor County, Washington!!Total!!Margin of Error","Grays Harbor County, Washington!!Below poverty level!!Estimate","Grays Harbor County, Washington!!Below poverty level!!Margin of Error","Grays Harbor County, Washington!!Percent below poverty level!!Estimate","Grays Harbor County, Washington!!Percent below poverty level!!Margin of Error","Island County, Washington!!Total!!Estimate","Island County, Washington!!Total!!Margin of Error","Island County, Washington!!Below poverty level!!Estimate","Island County, Washington!!Below poverty level!!Margin of Error","Island County, Washington!!Percent below poverty level!!Estimate","Island County, Washington!!Percent below poverty level!!Margin of Error","King County, Washington!!Total!!Estimate","King County, Washington!!Total!!Margin of Error","King County, Washington!!Below poverty level!!Estimate","King County, Washington!!Below poverty level!!Margin of Error","King County, Washington!!Percent below poverty level!!Estimate","King County, Washington!!Percent below poverty level!!Margin of Error","Kitsap County, Washington!!Total!!Estimate","Kitsap County, Washington!!Total!!Margin of Error","Kitsap County, Washington!!Below poverty level!!Estimate","Kitsap County, Washington!!Below poverty level!!Margin of Error","Kitsap County, Washington!!Percent below poverty level!!Estimate","Kitsap County, Washington!!Percent below poverty level!!Margin of Error","Lewis County, Washington!!Total!!Estimate","Lewis County, Washington!!Total!!Margin of Error","Lewis County, Washington!!Below poverty level!!Estimate","Lewis County, Washington!!Below poverty level!!Margin of Error","Lewis County, Washington!!Percent below poverty level!!Estimate","Lewis County, Washington!!Percent below poverty level!!Margin of Error","Mason County, Washington!!Total!!Estimate","Mason County, Washington!!Total!!Margin of Error","Mason County, Washington!!Below poverty level!!Estimate","Mason County, Washington!!Below poverty level!!Margin of Error","Mason County, Washington!!Percent below poverty level!!Estimate","Mason County, Washington!!Percent below poverty level!!Margin of Error","Pierce County, Washington!!Total!!Estimate","Pierce County, Washington!!Total!!Margin of Error","Pierce County, Washington!!Below poverty level!!Estimate","Pierce County, Washington!!Below poverty level!!Margin of Error","Pierce County, Washington!!Percent below poverty level!!Estimate","Pierce County, Washington!!Percent below poverty level!!Margin of Error","Skagit County, Washington!!Total!!Estimate","Skagit County, Washington!!Total!!Margin of Error","Skagit County, Washington!!Below poverty level!!Estimate","Skagit County, Washington!!Below poverty level!!Margin of Error","Skagit County, Washington!!Percent below poverty level!!Estimate","Skagit County, Washington!!Percent below poverty level!!Margin of Error","Snohomish County, Washington!!Total!!Estimate","Snohomish County, Washington!!Total!!Margin of Error","Snohomish County, Washington!!Below poverty level!!Estimate","Snohomish County, Washington!!Below poverty level!!Margin of Error","Snohomish County, Washington!!Percent below poverty level!!Estimate","Snohomish County, Washington!!Percent below poverty level!!Margin of Error","Spokane County, Washington!!Total!!Estimate","Spokane County, Washington!!Total!!Margin of Error","Spokane County, Washington!!Below poverty level!!Estimate","Spokane County, Washington!!Below poverty level!!Margin of Error","Spokane County, Washington!!Percent below poverty level!!Estimate","Spokane County, Washington!!Percent below poverty level!!Margin of Error","Thurston County, Washington!!Total!!Estimate","Thurston County, Washington!!Total!!Margin of Error","Thurston County, Washington!!Below poverty level!!Estimate","Thurston County, Washington!!Below poverty level!!Margin of Error","Thurston County, Washington!!Percent below poverty level!!Estimate","Thurston County, Washington!!Percent below poverty level!!Margin of Error","Whatcom County, Washington!!Total!!Estimate","Whatcom County, Washington!!Total!!Margin of Error","Whatcom County, Washington!!Below poverty level!!Estimate","Whatcom County, Washington!!Below poverty level!!Margin of Error","Whatcom County, Washington!!Percent below poverty level!!Estimate","Whatcom County, Washington!!Percent below poverty level!!Margin of Error","Yakima County, Washington!!Total!!Estimate","Yakima County, Washington!!Total!!Margin of Error","Yakima County, Washington!!Below poverty level!!Estimate","Yakima County, Washington!!Below poverty level!!Margin of Error","Yakima County, Washington!!Percent below poverty level!!Estimate","Yakima County, Washington!!Percent below poverty level!!Margin of Error"
"Population for whom poverty status is determined","207,126","±1,391","23,237","±4,731","11.2%","±2.3","79,037","±647","8,081","±2,602","10.2%","±3.3","77,473","±465","8,980","±2,063","11.6%","±2.7","507,638","±1,261","46,335","±5,852","9.1%","±1.2","110,320","±682","13,539","±2,836","12.3%","±2.6","95,180","±1,307","10,727","±4,263","11.3%","±4.5","99,402","±367","10,104","±2,537","10.2%","±2.6","73,077","±1,025","8,531","±2,006","11.7%","±2.7","83,719","±3,022","7,128","±1,967","8.5%","±2.4","2,221,195","±3,377","209,765","±13,924","9.4%","±0.6","267,593","±1,560","22,961","±3,553","8.6%","±1.3","83,212","±661","11,689","±2,226","14.0%","±2.7","66,358","±624","8,508","±2,766","12.8%","±4.2","904,999","±3,937","72,180","±7,205","8.0%","±0.8","129,415","±656","16,413","±3,574","12.7%","±2.8","824,412","±2,102","58,442","±7,544","7.1%","±0.9","530,124","±2,249","59,418","±6,620","11.2%","±1.3","294,059","±1,306","31,152","±5,603","10.6%","±1.9","223,302","±1,761","30,832","±4,752","13.8%","±2.1","252,592","±1,376","35,356","±6,203","14.0%","±2.4"
"    AGE","","","","","","","","","","","","","","","","","","","","","","","","","","","","","","","","","","","","","","","","","","","","","","","","","","","","","","","","","","","","","","","","","","","","","","","","","","","","","","","","","","","","","","","","","","","","","","","","","","","","","","","","","","","","","","","","","","","","","","","",""
"        Under 18 years","53,473","±1,152","7,857","±2,505","14.7%","±4.7","18,204","±108","2,220","±1,241","12.2%","±6.8","13,267","±333","2,286","±1,014","17.2%","±7.7","116,189","±631","13,599","±3,173","11.7%","±2.7","24,862","±611","3,369","±1,356","13.6%","±5.5","30,059","±1,505","4,768","±3,017","15.9%","±10.0","28,266","±257","2,715","±1,356","9.6%","±4.8","15,305","±251","2,391","±1,330","15.6%","±8.7","15,243","±504","1,507","±1,109","9.9%","±7.3","439,694","±1,929","48,111","±6,034","10.9%","±1.4","53,346","±731","5,002","±1,409","9.4%","±2.6","17,401","±748","2,969","±1,097","17.1%","±6.3","12,643","±416","2,413","±1,475","19.1%","±11.6","208,873","±2,096","20,036","±3,882","9.6%","±1.9","27,407","±340","4,853","±1,846","17.7%","±6.7","183,982","±704","13,764","±3,642","7.5%","±2.0","116,727","±1,162","12,765","±3,162","10.9%","±2.7","61,657","±613","8,841","±3,066","14.3%","±4.9","41,860","±831","8,709","±2,588","20.8%","±6.2","74,105","±855","14,999","±3,939","20.2%","±5.3"
"            Under 5 years","12,963","±571","2,738","±1,147","21.1%","±8.8","4,392","±117","172","±204","3.9%","±4.6","3,327","±449","811","±453","24.4%","±13.3","28,746","±1,157","4,143","±1,731","14.4%","±5.7","5,631","±226","875","±572","15.5%","±10.2","7,598","±1,338","1,279","±1,339","16.8%","±17.8","7,038","±103","1,336","±1,037","19.0%","±14.7","3,386","±611","833","±871","24.6%","±22.4","5,185","±740","491","±334","9.5%","±6.2","117,586","±779","12,831","±2,393","10.9%","±2.0","14,017","±627","1,478","±676","10.5%","±4.7","4,661","±639","742","±483","15.9%","±10.7","3,084","±124","487","±499","15.8%","±16.2","54,222","±1,478","5,012","±1,565","9.2%","±2.9","6,863","±222","1,529","±640","22.3%","±9.2","49,403","±546","3,366","±1,208","6.8%","±2.4","29,428","±790","3,184","±1,062","10.8%","±3.6","15,731","±425","2,272","±1,218","14.4%","±7.6","10,077","±361","1,674","±747","16.6%","±7.5","18,466","±390","4,062","±1,353","22.0%","±7.3"
"            5 to 17 years","40,510","±1,260","5,119","±1,876","12.6%","±4.6","13,812","±146","2,048","±1,195","14.8%","±8.6","9,940","±607","1,475","±727","14.8%","±7.6","87,443","±1,238","9,456","±2,074","10.8%","±2.4","19,231","±513","2,494","±1,130","13.0%","±6.0","22,461","±764","3,489","±2,331","15.5%","±10.4","21,228","±275","1,379","±840","6.5%","±4.0","11,919","±709","1,558","±1,204","13.1%","±9.9","10,058","±810","1,016","±996","10.1%","±9.9","322,108","±1,518","35,280","±4,783","11.0%","±1.5","39,329","±713","3,524","±1,107","9.0%","±2.8","12,740","±750","2,227","±931","17.5%","±6.9","9,559","±348","1,926","±1,254","20.1%","±13.0","154,651","±1,482","15,024","±3,061","9.7%","±2.0","20,544","±259","3,324","±1,448","16.2%","±7.0","134,579","±708","10,398","±3,020","7.7%","±2.3","87,299","±838","9,581","±2,818","11.0%","±3.2","45,926","±565","6,569","±2,252","14.3%","±4.9","31,783","±827","7,035","±2,335","22.1%","±7.4","55,639","±869","10,937","±3,009","19.7%","±5.4"
"            Related children of householder under 18 years","53,303","±1,175","7,687","±2,500","14.4%","±4.7","18,204","±108","2,220","±1,241","12.2%","±6.8","13,267","±333","2,286","±1,014","17.2%","±7.7","115,183","±956","12,593","±3,203","10.9%","±2.8","24,528","±720","3,035","±1,269","12.4%","±5.3","30,059","±1,505","4,768","±3,017","15.9%","±10.0","28,266","±257","2,715","±1,356","9.6%","±4.8","15,305","±251","2,391","±1,330","15.6%","±8.7","15,243","±504","1,507","±1,109","9.9%","±7.3","438,302","±2,167","46,988","±5,980","10.7%","±1.4","53,179","±731","4,900","±1,403","9.2%","±2.6","17,105","±728","2,720","±1,047","15.9%","±6.2","12,542","±476","2,363","±1,476","18.8%","±11.7","207,673","±2,221","18,895","±3,912","9.1%","±1.9","27,362","±363","4,808","±1,832","17.6%","±6.7","183,516","±904","13,298","±3,649","7.2%","±2.0","116,430","±1,248","12,468","±3,177","10.7%","±2.7","61,425","±661","8,609","±3,122","14.0%","±5.0","41,271","±1,190","8,120","±2,448","19.7%","±6.0","73,744","±834","14,638","±3,896","19.8%","±5.3"
"        18 to 64 years","120,880","±1,025","11,625","±2,902","9.6%","±2.4","44,202","±832","3,973","±1,308","9.0%","±3.0","39,952","±715","4,938","±1,342","12.4%","±3.3","308,842","±1,441","26,976","±3,154","8.7%","±1.0","64,154","±662","8,317","±1,793","13.0%","±2.8","56,816","±1,639","4,770","±1,727","8.4%","±3.0","58,137","±849","6,701","±1,469","11.5%","±2.5","40,606","±960","5,236","±1,163","12.9%","±2.8","46,555","±2,786","4,019","±1,115","8.6%","±2.5","1,477,842","±2,570","134,938","±9,308","9.1%","±0.6","161,869","±1,420","13,906","±2,384","8.6%","±1.4","48,496","±554","6,807","±1,308","14.0%","±2.7","38,208","±629","5,279","±1,453","13.8%","±3.8","564,726","±3,468","42,124","±4,106","7.5%","±0.7","73,476","±708","10,469","±2,140","14.2%","±2.9","522,111","±2,053","35,340","±4,813","6.8%","±0.9","323,818","±1,736","38,231","±4,266","11.8%","±1.3","179,006","±1,520","19,307","±3,614","10.8%","±2.0","139,469","±1,821","19,668","±2,971","14.1%","±2.1","143,225","±1,239","16,613","±2,888","11.6%","±2.0"
"            18 to 34 years","45,736","±480","5,164","±1,936","11.3%","±4.2","15,935","±1,139","899","±619","5.6%","±3.8","12,027","±605","1,603","±829","13.3%","±7.0","109,132","±909","13,505","±2,288","12.4%","±2.1","21,613","±1,074","2,750","±999","12.7%","±4.5","22,660","±738","2,589","±1,129","11.4%","±4.9","22,791","±533","3,193","±942","14.0%","±4.2","12,987","±762","1,744","±543","13.4%","±4.2","17,049","±2,013","1,590","±603","9.3%","±3.7","567,531","±2,051","65,296","±6,329","11.5%","±1.1","60,401","±1,361","5,928","±1,253","9.8%","±2.0","16,086","±613","2,945","±766","18.3%","±4.8","12,470","±565","1,299","±763","10.4%","±6.1","211,772","±3,155","17,770","±2,568","8.4%","±1.2","25,006","±559","3,766","±1,036","15.1%","±4.1","181,980","±1,383","14,188","±2,943","7.8%","±1.6","123,149","±1,674","18,184","±2,667","14.8%","±2.1","67,018","±1,587","10,860","±2,549","16.2%","±3.8","58,129","±1,802","11,930","±2,253","20.5%","±3.9","58,513","±1,045","8,150","±1,758","13.9%","±2.9"
"            35 to 64 years","75,144","±866","6,461","±1,790","8.6%","±2.4","28,267","±1,156","3,074","±1,140","10.9%","±4.0","27,925","±739","3,335","±928","11.9%","±3.3","199,710","±1,216","13,471","±2,193","6.7%","±1.1","42,541","±1,166","5,567","±1,344","13.1%","±3.1","34,156","±1,607","2,181","±977","6.4%","±2.9","35,346","±844","3,508","±1,037","9.9%","±2.9","27,619","±968","3,492","±952","12.6%","±3.4","29,506","±1,026","2,429","±868","8.2%","±3.0","910,311","±1,282","69,642","±5,652","7.7%","±0.6","101,468","±938","7,978","±1,760","7.9%","±1.7","32,410","±769","3,862","±1,091","11.9%","±3.3","25,738","±632","3,980","±1,202","15.5%","±4.7","352,954","±1,025","24,354","±3,085","6.9%","±0.9","48,470","±768","6,703","±1,668","13.8%","±3.4","340,131","±1,409","21,152","±2,636","6.2%","±0.8","200,669","±1,334","20,047","±2,663","10.0%","±1.3","111,988","±1,762","8,447","±2,140","7.5%","±1.9","81,340","±1,385","7,738","±1,761","9.5%","±2.2","84,712","±813","8,463","±1,680","10.0%","±2.0"
"        60 years and over","46,101","±1,324","5,245","±1,620","11.4%","±3.4","21,626","±1,172","2,252","±959","10.4%","±4.4","31,057","±999","2,433","±743","7.8%","±2.4","115,158","±2,351","7,631","±1,531","6.6%","±1.3","27,939","±1,037","2,666","±879","9.5%","±3.1","12,631","±1,477","1,683","±942","13.3%","±6.9","18,140","±1,361","1,178","±506","6.5%","±2.8","24,010","±1,143","1,754","±597","7.3%","±2.5","28,407","±874","2,509","±739","8.8%","±2.6","436,550","±4,744","41,038","±3,832","9.4%","±0.9","70,026","±1,609","6,054","±1,406","8.6%","±2.0","23,360","±950","2,779","±895","11.9%","±3.9","20,877","±881","1,851","±614","8.9%","±2.9","188,647","±3,266","14,772","±2,096","7.8%","±1.1","37,731","±1,008","2,049","±443","5.4%","±1.2","172,339","±3,292","13,486","±1,955","7.8%","±1.1","126,623","±2,654","12,250","±1,535","9.7%","±1.2","72,615","±1,795","5,042","±1,372","6.9%","±1.9","54,904","±1,973","3,618","±1,104","6.6%","±2.0","48,748","±1,674","5,907","±1,058","12.1%","±2.1"
"        65 years and over","32,773","±628","3,755","±1,104","11.5%","±3.3","16,631","±777","1,888","±929","11.4%","±5.5","24,254","±608","1,756","±588","7.2%","±2.4","82,607","±831","5,760","±1,415","7.0%","±1.7","21,304","±446","1,853","±738","8.7%","±3.5","8,305","±784","1,189","±720","14.3%","±8.1","12,999","±794","688","±391","5.3%","±2.9","17,166","±462","904","±431","5.3%","±2.5","21,921","±268","1,602","±545","7.3%","±2.5","303,659","±892","26,716","±2,726","8.8%","±0.9","52,378","±510","4,053","±995","7.7%","±1.9","17,315","±427","1,913","±754","11.0%","±4.3","15,507","±393","816","±442","5.3%","±2.8","131,400","±559","10,020","±1,618","7.6%","±1.2","28,532","±531","1,091","±373","3.8%","±1.3","118,319","±527","9,338","±1,505","7.9%","±1.3","89,579","±854","8,422","±1,210","9.4%","±1.4","53,396","±968","3,004","±1,005","5.6%","±1.9","41,973","±885","2,455","±891","5.8%","±2.1","35,262","±458","3,744","±745","10.6%","±2.1"
"    SEX","","","","","","","","","","","","","","","","","","","","","","","","","","","","","","","","","","","","","","","","","","","","","","","","","","","","","","","","","","","","","","","","","","","","","","","","","","","","","","","","","","","","","","","","","","","","","","","","","","","","","","","","","","","","","","","","","","","","","","","",""
"        Male","104,424","±1,095","8,933","±2,080","8.6%","±2.0","38,562","±921","3,193","±1,289","8.3%","±3.4","38,323","±864","4,320","±1,159","11.3%","±3.0","252,783","±1,696","21,461","±2,962","8.5%","±1.2","55,326","±1,090","6,121","±1,677","11.1%","±3.0","47,965","±1,420","3,977","±1,609","8.3%","±3.4","50,744","±616","5,470","±1,690","10.8%","±3.3","35,337","±1,293","3,694","±1,312","10.5%","±3.6","40,929","±2,738","3,343","±1,061","8.2%","±2.7","1,124,271","±2,581","93,354","±6,887","8.3%","±0.6","135,536","±1,493","11,824","±2,229","8.7%","±1.6","42,326","±693","4,752","±1,285","11.2%","±3.0","34,822","±873","3,903","±1,374","11.2%","±4.0","451,790","±3,090","31,765","±3,590","7.0%","±0.8","64,897","±889","8,006","±1,892","12.3%","±2.9","415,053","±1,536","28,018","±4,519","6.8%","±1.1","262,095","±1,932","26,214","±3,254","10.0%","±1.3","143,413","±1,516","13,767","±2,742","9.6%","±1.9","110,903","±1,308","14,200","±2,397","12.8%","±2.2","126,423","±1,230","15,076","±2,963","11.9%","±2.3"
"        Female","102,702","±1,232","14,304","±3,101","13.9%","±3.0","40,475","±815","4,888","±1,686","12.1%","±4.1","39,150","±867","4,660","±1,184","11.9%","±3.0","254,855","±1,341","24,874","±3,903","9.8%","±1.5","54,994","±948","7,418","±1,659","13.5%","±3.0","47,215","±659","6,750","±3,040","14.3%","±6.4","48,658","±609","4,634","±1,454","9.5%","±3.0","37,740","±746","4,837","±1,445","12.8%","±3.8","42,790","±1,002","3,785","±1,151","8.8%","±2.7","1,096,924","±2,211","116,411","±8,851","10.6%","±0.8","132,057","±1,112","11,137","±1,763","8.4%","±1.3","40,886","±741","6,937","±1,362","17.0%","±3.3","31,536","±941","4,605","±1,716","14.6%","±5.3","453,209","±2,177","40,415","±4,724","8.9%","±1.0","64,518","±628","8,407","±1,962","13.0%","±3.0","409,359","±1,391","30,424","±4,062","7.4%","±1.0","268,029","±1,624","33,204","±4,528","12.4%","±1.7","150,646","±1,060","17,385","±3,627","11.5%","±2.4","112,399","±1,424","16,632","±3,436","14.8%","±3.0","126,169","±783","20,280","±3,822","16.1%","±3.0"
"    RACE AND HISPANIC OR LATINO ORIGIN","","","","","","","","","","","","","","","","","","","","","","","","","","","","","","","","","","","","","","","","","","","","","","","","","","","","","","","","","","","","","","","","","","","","","","","","","","","","","","","","","","","","","","","","","","","","","","","","","","","","","","","","","","","","","","","","","","","","","","","",""
"        White alone","142,839","±3,272","9,388","±2,525","6.6%","±1.8","53,276","±1,643","3,297","±1,138","6.2%","±2.1","62,479","±1,363","6,162","±1,696","9.9%","±2.7","387,917","±3,297","30,198","±4,309","7.8%","±1.1","91,809","±1,789","11,474","±2,528","12.5%","±2.7","44,225","±4,139","2,508","±1,333","5.7%","±3.0","56,786","±3,398","5,283","±2,281","9.3%","±3.7","57,104","±1,310","5,817","±1,409","10.2%","±2.5","68,250","±1,159","6,017","±1,834","8.8%","±2.7","1,247,385","±8,083","92,935","±8,591","7.5%","±0.7","204,272","±2,103","16,154","±2,834","7.9%","±1.4","69,148","±1,474","8,536","±1,851","12.3%","±2.7","50,896","±1,537","6,016","±2,344","11.8%","±4.6","583,520","±5,784","39,179","±4,872","6.7%","±0.8","95,818","±3,061","9,112","±2,468","9.5%","±2.5","543,479","±4,741","35,070","±5,292","6.5%","±1.0","439,060","±4,091","44,783","±5,554","10.2%","±1.3","214,430","±3,132","21,575","±4,670","10.1%","±2.2","176,461","±2,762","24,573","±4,244","13.9%","±2.3","112,412","±3,356","11,832","±3,444","10.5%","±2.9"
"        Black or African American alone","N","N","N","N","N","N","N","N","N","N","N","N","N","N","N","N","N","N","10,427","±2,117","1,523","±942","14.6%","±9.4","N","N","N","N","N","N","N","N","N","N","N","N","N","N","N","N","N","N","N","N","N","N","N","N","N","N","N","N","N","N","147,202","±4,775","35,341","±6,035","24.0%","±4.1","9,532","±1,756","1,258","±1,019","13.2%","±9.5","N","N","N","N","N","N","N","N","N","N","N","N","63,892","±4,454","9,748","±2,704","15.3%","±4.0","N","N","N","N","N","N","30,047","±2,568","3,848","±2,387","12.8%","±7.7","11,767","±2,295","1,227","±885","10.4%","±7.4","N","N","N","N","N","N","N","N","N","N","N","N","N","N","N","N","N","N"
"        American Indian and Alaska Native alone","N","N","N","N","N","N","N","N","N","N","N","N","2,270","±527","661","±354","29.1%","±13.2","N","N","N","N","N","N","N","N","N","N","N","N","N","N","N","N","N","N","N","N","N","N","N","N","N","N","N","N","N","N","N","N","N","N","N","N","13,798","±2,875","1,248","±640","9.0%","±4.6","2,900","±945","338","±214","11.7%","±8.5","N","N","N","N","N","N","N","N","N","N","N","N","13,648","±3,746","687","±428","5.0%","±3.1","1,694","±772","544","±357","32.1%","±20.5","6,417","±1,825","288","±261","4.5%","±3.8","5,378","±1,237","1,267","±878","23.6%","±14.0","N","N","N","N","N","N","5,026","±1,160","558","±345","11.1%","±6.9","7,363","±1,280","1,884","±882","25.6%","±11.3"
"        Asian alone","N","N","N","N","N","N","N","N","N","N","N","N","N","N","N","N","N","N","25,002","±1,726","1,378","±853","5.5%","±3.4","N","N","N","N","N","N","N","N","N","N","N","N","N","N","N","N","N","N","N","N","N","N","N","N","4,475","±720","457","±287","10.2%","±6.5","448,742","±6,701","36,593","±5,698","8.2%","±1.2","12,276","±1,164","948","±734","7.7%","±6.1","N","N","N","N","N","N","N","N","N","N","N","N","59,182","±3,964","5,734","±1,889","9.7%","±3.4","N","N","N","N","N","N","103,637","±3,687","4,872","±1,673","4.7%","±1.6","10,898","±2,032","1,903","±957","17.5%","±9.2","17,798","±1,793","1,601","±727","9.0%","±4.1","10,124","±1,247","731","±457","7.2%","±4.7","N","N","N","N","N","N"
"        Native Hawaiian and Other Pacific Islander alone","N","N","N","N","N","N","N","N","N","N","N","N","N","N","N","N","N","N","N","N","N","N","N","N","N","N","N","N","N","N","N","N","N","N","N","N","N","N","N","N","N","N","N","N","N","N","N","N","N","N","N","N","N","N","15,325","±1,646","717","±709","4.7%","±4.6","N","N","N","N","N","N","N","N","N","N","N","N","N","N","N","N","N","N","15,014","±1,405","3,164","±1,796","21.1%","±12.2","N","N","N","N","N","N","N","N","N","N","N","N","3,687","±606","1,436","±796","38.9%","±22.4","N","N","N","N","N","N","N","N","N","N","N","N","N","N","N","N","N","N"
"        Some other race alone","20,572","±4,381","6,213","±3,642","30.2%","±16.1","15,404","±2,561","3,589","±2,017","23.3%","±12.9","N","N","N","N","N","N","22,982","±4,738","3,024","±1,614","13.2%","±6.9","N","N","N","N","N","N","24,899","±5,080","5,309","±3,471","21.3%","±12.5","22,999","±4,177","2,508","±1,550","10.9%","±6.3","N","N","N","N","N","N","N","N","N","N","N","N","107,661","±8,464","17,801","±4,795","16.5%","±4.2","N","N","N","N","N","N","N","N","N","N","N","N","N","N","N","N","N","N","31,419","±4,999","3,623","±1,599","11.5%","±5.1","14,061","±3,329","4,521","±2,507","32.2%","±14.8","37,077","±5,174","6,526","±3,477","17.6%","±8.7","10,004","±2,809","2,094","±1,126","20.9%","±9.9","N","N","N","N","N","N","N","N","N","N","N","N","55,486","±8,236","6,948","±2,586","12.5%","±4.6"
"        Two or more races","31,623","±4,487","5,976","±2,902","18.9%","±8.5","N","N","N","N","N","N","8,943","±1,847","1,492","±1,372","16.7%","±13.7","52,302","±5,392","9,025","±3,165","17.3%","±5.3","10,251","±2,042","1,322","±1,074","12.9%","±9.6","N","N","N","N","N","N","15,536","±3,357","1,687","±998","10.9%","±5.9","9,034","±2,048","1,046","±815","11.6%","±8.6","N","N","N","N","N","N","241,082","±11,350","25,130","±4,640","10.4%","±1.9","29,716","±2,789","3,520","±1,238","11.8%","±4.1","8,054","±1,991","1,467","±721","18.2%","±10.0","9,359","±1,572","1,291","±1,124","13.8%","±11.0","138,324","±8,819","10,045","±2,829","7.3%","±2.0","13,945","±2,573","1,904","±928","13.7%","±6.3","100,734","±7,890","7,207","±2,279","7.2%","±2.3","49,330","±5,185","6,708","±1,734","13.6%","±3.6","40,001","±4,797","5,414","±3,241","13.5%","±7.5","20,209","±3,437","2,707","±1,689","13.4%","±7.6","71,244","±7,183","13,523","±4,600","19.0%","±6.0"
"        Hispanic or Latino origin (of any race)","49,502","±787","11,633","±4,140","23.5%","±8.4","22,826","±105","4,447","±2,210","19.5%","±9.7","N","N","N","N","N","N","55,732","±432","11,319","±2,862","20.3%","±5.2","11,006","±93","2,939","±1,276","26.7%","±11.6","51,856","±913","7,783","±4,129","15.0%","±7.9","43,100","±241","5,433","±2,144","12.6%","±5.0","N","N","N","N","N","N","N","N","N","N","N","N","228,095","±1,027","30,994","±5,019","13.6%","±2.2","22,695","±553","3,559","±1,856","15.7%","±8.2","8,853","±498","1,929","±909","21.8%","±10.8","7,624","±45","1,473","±1,240","19.3%","±16.3","109,925","±1,156","10,406","±3,004","9.5%","±2.7","25,238","±289","7,041","±2,880","27.9%","±11.4","92,722","±717","10,951","±3,887","11.8%","±4.2","33,535","±851","4,143","±1,579","12.4%","±4.7","29,718","±262","4,722","±2,784","15.9%","±9.4","22,873","±376","5,508","±2,945","24.1%","±13.0","131,532","±692","21,974","±5,552","16.7%","±4.2"
"        White alone, not Hispanic or Latino","136,808","±1,807","9,291","±2,534","6.8%","±1.9","51,833","±1,141","3,029","±1,011","5.8%","±1.9","60,924","±1,129","6,080","±1,698","10.0%","±2.8","375,980","±2,473","27,529","±3,964","7.3%","±1.1","88,817","±1,165","9,985","±2,315","11.2%","±2.6","35,079","±1,341","2,140","±1,168","6.1%","±3.3","50,151","±935","3,730","±1,182","7.4%","±2.3","56,071","±1,059","5,773","±1,407","10.3%","±2.5","66,660","±695","5,965","±1,822","8.9%","±2.8","1,214,251","±5,465","88,304","±8,116","7.3%","±0.7","199,744","±1,408","15,433","±2,697","7.7%","±1.3","67,187","±797","8,522","±1,854","12.7%","±2.8","50,493","±1,450","6,010","±2,342","11.9%","±4.6","563,645","±4,191","37,378","±4,752","6.6%","±0.9","90,894","±1,684","7,307","±1,480","8.0%","±1.6","529,374","±2,952","34,475","±5,332","6.5%","±1.0","432,316","±3,792","44,159","±5,461","10.2%","±1.3","207,761","±2,666","20,049","±4,421","9.7%","±2.1","172,249","±1,549","22,844","±4,092","13.3%","±2.4","100,525","±1,547","8,501","±2,216","8.5%","±2.2"
"    EDUCATIONAL ATTAINMENT","","","","","","","","","","","","","","","","","","","","","","","","","","","","","","","","","","","","","","","","","","","","","","","","","","","","","","","","","","","","","","","","","","","","","","","","","","","","","","","","","","","","","","","","","","","","","","","","","","","","","","","","","","","","","","","","","","","","","","","",""
"        Population 25 years and over","136,256","±1,031","12,261","±2,365","9.0%","±1.7","53,575","±1,138","5,287","±1,610","9.9%","±3.0","59,815","±783","5,805","±1,265","9.7%","±2.1","350,216","±1,363","28,039","±3,250","8.0%","±0.9","78,154","±887","9,551","±1,940","12.2%","±2.5","54,167","±1,613","4,457","±1,469","8.2%","±2.7","62,238","±347","5,914","±1,243","9.5%","±2.0","52,469","±1,087","5,449","±1,039","10.4%","±2.0","62,404","±1,722","5,299","±1,196","8.5%","±2.0","1,620,316","±1,874","127,348","±7,326","7.9%","±0.5","193,694","±1,128","15,573","±2,343","8.0%","±1.2","60,240","±758","7,090","±1,560","11.8%","±2.6","49,001","±841","5,554","±1,474","11.3%","±2.9","623,840","±1,854","45,252","±4,046","7.3%","±0.6","92,676","±550","9,914","±1,864","10.7%","±2.0","580,175","±2,065","37,866","±4,050","6.5%","±0.7","370,170","±1,592","37,178","±3,553","10.0%","±1.0","207,751","±1,377","17,154","±2,881","8.3%","±1.4","154,150","±1,287","14,082","±2,347","9.1%","±1.5","154,686","±900","17,712","±2,602","11.5%","±1.7"
"            Less than high school graduate","16,541","±2,532","4,829","±1,640","29.2%","±8.1","7,297","±1,510","977","±848","13.4%","±11.9","3,755","±985","1,156","±585","30.8%","±12.2","24,676","±2,540","4,045","±1,098","16.4%","±4.2","7,684","±1,886","1,521","±758","19.8%","±9.3","12,265","±2,414","2,366","±1,132","19.3%","±8.2","10,220","±1,744","1,939","±785","19.0%","±6.8","4,825","±1,298","1,112","±536","23.0%","±10.1","3,226","±1,069","546","±390","16.9%","±11.0","98,570","±6,272","21,020","±3,382","21.3%","±2.9","8,662","±1,891","1,397","±687","16.1%","±6.8","6,161","±1,422","1,152","±519","18.7%","±7.7","3,675","±909","667","±412","18.1%","±10.3","44,913","±3,821","6,760","±1,676","15.1%","±3.5","8,672","±1,508","2,477","±1,100","28.6%","±11.4","37,781","±3,536","5,737","±1,479","15.2%","±3.6","18,832","±2,629","5,527","±1,584","29.3%","±7.6","11,433","±1,914","2,357","±1,190","20.6%","±9.6","9,192","±1,997","2,182","±1,020","23.7%","±9.9","37,841","±3,253","6,704","±1,532","17.7%","±3.9"
"            High school graduate (includes equivalency)","29,066","±2,792","2,932","±1,204","10.1%","±4.0","12,121","±1,823","1,836","±835","15.1%","±6.5","15,681","±1,906","1,553","±724","9.9%","±4.4","92,480","±5,075","10,193","±2,027","11.0%","±2.2","26,374","±2,815","3,777","±1,193","14.3%","±4.6","15,395","±2,760","736","±524","4.8%","±3.5","17,368","±1,945","1,482","±596","8.5%","±3.6","16,717","±1,910","2,625","±887","15.7%","±4.9","13,286","±1,843","1,219","±662","9.2%","±4.8","227,414","±10,348","32,851","±3,076","14.4%","±1.3","40,530","±3,686","5,232","±1,441","12.9%","±3.2","18,323","±1,818","2,778","±909","15.2%","±4.4","14,643","±1,608","2,849","±1,031","19.5%","±6.5","162,195","±6,419","15,346","±2,205","9.5%","±1.3","23,714","±2,119","3,566","±1,052","15.0%","±4.2","128,618","±5,631","11,475","±2,047","8.9%","±1.5","87,532","±4,944","12,179","±2,082","13.9%","±2.2","40,539","±3,444","3,912","±1,156","9.6%","±2.8","34,651","±3,586","4,598","±1,688","13.3%","±4.4","43,221","±3,502","5,455","±1,228","12.6%","±2.8"
"            Some college, associate's degree","45,734","±3,362","3,295","±1,136","7.2%","±2.4","15,772","±1,806","1,079","±582","6.8%","±3.6","24,296","±2,205","2,105","±719","8.7%","±3.0","120,660","±4,582","8,943","±1,691","7.4%","±1.4","29,907","±2,848","3,468","±953","11.6%","±3.0","15,672","±2,182","1,044","±562","6.7%","±3.6","22,852","±2,486","1,771","±723","7.7%","±3.1","21,434","±2,003","1,124","±533","5.2%","±2.5","21,584","±2,010","1,961","±631","9.1%","±2.9","379,240","±9,061","35,581","±3,927","9.4%","±1.0","72,282","±4,094","6,100","±1,364","8.4%","±1.9","25,230","±2,087","2,178","±759","8.6%","±3.0","18,825","±2,216","1,742","±709","9.3%","±3.5","223,511","±5,154","14,793","±2,152","6.6%","±0.9","33,719","±2,396","2,899","±972","8.6%","±2.8","193,028","±5,845","12,773","±2,180","6.6%","±1.1","145,934","±5,719","13,661","±2,216","9.4%","±1.6","76,969","±4,581","6,832","±1,807","8.9%","±2.3","50,981","±3,964","5,258","±1,533","10.3%","±3.0","44,785","±3,769","3,921","±1,159","8.8%","±2.5"
"            Bachelor's degree or higher","44,915","±3,778","1,205","±589","2.7%","±1.3","18,385","±1,963","1,395","±940","7.6%","±5.0","16,083","±2,080","991","±477","6.2%","±2.9","112,400","±4,719","4,858","±1,368","4.3%","±1.2","14,189","±2,043","785","±506","5.5%","±3.5","10,835","±1,823","311","±344","2.9%","±3.2","11,798","±2,186","722","±559","6.1%","±4.5","9,493","±1,638","588","±368","6.2%","±3.8","24,308","±2,219","1,573","±554","6.5%","±2.4","915,092","±11,042","37,896","±4,192","4.1%","±0.4","72,220","±3,638","2,844","±1,099","3.9%","±1.5","10,526","±1,610","982","±668","9.3%","±6.4","11,858","±2,146","296","±182","2.5%","±1.6","193,221","±6,558","8,353","±1,639","4.3%","±0.8","26,571","±1,937","972","±476","3.7%","±1.7","220,748","±6,433","7,881","±1,590","3.6%","±0.7","117,872","±5,304","5,811","±1,387","4.9%","±1.1","78,810","±3,941","4,053","±1,289","5.1%","±1.6","59,326","±4,413","2,044","±869","3.4%","±1.4","28,839","±2,867","1,632","±693","5.7%","±2.3"
"    EMPLOYMENT STATUS","","","","","","","","","","","","","","","","","","","","","","","","","","","","","","","","","","","","","","","","","","","","","","","","","","","","","","","","","","","","","","","","","","","","","","","","","","","","","","","","","","","","","","","","","","","","","","","","","","","","","","","","","","","","","","","","","","","","","","","",""
"        Civilian labor force 16 years and over","96,330","±3,986","4,186","±1,090","4.3%","±1.1","37,944","±2,090","1,894","±787","5.0%","±2.1","32,230","±1,648","2,515","±810","7.8%","±2.5","253,384","±4,573","13,993","±2,334","5.5%","±0.9","48,925","±2,026","3,357","±1,108","6.9%","±2.3","47,765","±2,403","1,590","±830","3.3%","±1.7","47,203","±1,998","2,169","±880","4.6%","±1.9","31,265","±2,343","1,811","±684","5.8%","±2.1","33,236","±2,578","1,197","±605","3.6%","±1.9","1,270,770","±10,237","67,848","±5,831","5.3%","±0.5","123,352","±3,523","5,606","±1,223","4.5%","±1.0","39,007","±2,160","2,877","±796","7.4%","±2.0","30,092","±1,694","1,682","±905","5.6%","±3.0","464,891","±6,424","19,830","±2,704","4.3%","±0.6","58,832","±2,356","4,204","±1,301","7.1%","±2.2","440,534","±5,715","14,177","±2,645","3.2%","±0.6","264,834","±4,988","18,206","±2,533","6.9%","±1.0","140,028","±4,840","6,923","±1,620","4.9%","±1.1","117,466","±4,308","10,440","±2,311","8.9%","±1.9","116,494","±3,668","7,325","±1,738","6.3%","±1.5"
"            Employed","91,629","±4,029","3,605","±1,025","3.9%","±1.1","36,073","±2,157","1,702","±827","4.7%","±2.3","29,830","±1,785","1,437","±556","4.8%","±1.9","237,739","±4,884","10,113","±1,917","4.3%","±0.8","46,399","±2,192","2,500","±890","5.4%","±1.9","46,449","±2,374","1,188","±767","2.6%","±1.7","44,867","±2,107","1,332","±692","3.0%","±1.6","28,853","±2,259","1,224","±668","4.2%","±2.3","31,192","±2,494","1,032","±576","3.3%","±1.9","1,198,497","±12,060","50,032","±5,089","4.2%","±0.4","115,983","±3,496","4,193","±1,125","3.6%","±0.9","36,087","±2,141","2,039","±749","5.7%","±2.1","28,267","±1,695","1,376","±723","4.9%","±2.6","438,729","±6,656","14,881","±2,503","3.4%","±0.6","55,154","±2,565","2,901","±848","5.3%","±1.5","417,057","±5,732","9,897","±2,175","2.4%","±0.5","248,606","±4,929","12,910","±2,247","5.2%","±0.9","130,969","±5,122","5,473","±1,387","4.2%","±1.0","110,293","±4,368","8,219","±2,009","7.5%","±1.8","105,421","±3,754","5,747","±1,586","5.5%","±1.5"
"                Male","50,616","±2,311","1,454","±693","2.9%","±1.4","19,786","±1,272","538","±530","2.7%","±2.7","14,340","±1,192","856","±491","6.0%","±3.5","129,092","±3,211","4,485","±1,084","3.5%","±0.8","25,716","±1,748","918","±634","3.6%","±2.4","26,350","±2,119","237","±373","0.9%","±1.4","23,192","±1,654","603","±390","2.6%","±1.8","14,910","±1,487","793","±626","5.3%","±4.3","15,398","±2,163","545","±351","3.5%","±2.4","656,563","±7,442","22,116","±2,748","3.4%","±0.4","62,538","±2,547","1,976","±717","3.2%","±1.1","19,801","±1,424","977","±470","4.9%","±2.3","16,010","±1,310","775","±461","4.8%","±2.8","228,410","±4,950","7,738","±1,702","3.4%","±0.7","28,744","±1,801","1,484","±628","5.2%","±2.2","227,790","±4,034","4,458","±1,279","2.0%","±0.6","129,305","±3,374","5,584","±1,340","4.3%","±1.0","67,212","±3,165","2,807","±1,092","4.2%","±1.6","57,720","±2,494","3,721","±1,259","6.4%","±2.1","56,925","±2,702","2,209","±767","3.9%","±1.3"
"                Female","41,013","±2,648","2,151","±957","5.2%","±2.2","16,287","±1,478","1,164","±640","7.1%","±3.9","15,490","±1,222","581","±278","3.8%","±1.8","108,647","±3,708","5,628","±1,373","5.2%","±1.2","20,683","±1,681","1,582","±577","7.6%","±2.6","20,099","±1,530","951","±663","4.7%","±3.2","21,675","±1,349","729","±512","3.4%","±2.4","13,943","±1,311","431","±236","3.1%","±1.7","15,794","±1,304","487","±304","3.1%","±1.9","541,934","±7,652","27,916","±3,862","5.2%","±0.7","53,445","±2,440","2,217","±854","4.1%","±1.6","16,286","±1,456","1,062","±500","6.5%","±3.1","12,257","±1,304","601","±596","4.9%","±4.8","210,319","±4,916","7,143","±1,593","3.4%","±0.8","26,410","±1,390","1,417","±484","5.4%","±1.9","189,267","±4,631","5,439","±1,607","2.9%","±0.9","119,301","±3,613","7,326","±1,733","6.1%","±1.5","63,757","±3,400","2,666","±1,075","4.2%","±1.6","52,573","±2,755","4,498","±1,269","8.6%","±2.4","48,496","±2,710","3,538","±1,265","7.3%","±2.6"
"            Unemployed","4,701","±1,440","581","±333","12.4%","±6.9","1,871","±893","192","±265","10.3%","±15.2","2,400","±842","1,078","±583","44.9%","±17.1","15,645","±2,477","3,880","±1,229","24.8%","±6.7","2,526","±960","857","±650","33.9%","±18.6","1,316","±659","402","±369","30.5%","±23.6","2,336","±999","837","±559","35.8%","±19.1","2,412","±881","587","±396","24.3%","±14.7","2,044","±718","165","±165","8.1%","±8.1","72,273","±5,535","17,816","±3,313","24.7%","±3.8","7,369","±1,753","1,413","±777","19.2%","±9.5","2,920","±795","838","±445","28.7%","±12.5","1,825","±727","306","±428","16.8%","±21.6","26,162","±2,732","4,949","±1,383","18.9%","±4.9","3,678","±1,050","1,303","±889","35.4%","±17.4","23,477","±2,691","4,280","±1,306","18.2%","±4.9","16,228","±2,630","5,296","±1,223","32.6%","±6.6","9,059","±1,822","1,450","±870","16.0%","±8.8","7,173","±1,858","2,221","±1,179","31.0%","±11.6","11,073","±2,184","1,578","±668","14.3%","±6.2"
"                Male","2,655","±967","208","±176","7.8%","±6.6","1,107","±588","119","±243","10.7%","±22.4","1,442","±594","521","±294","36.1%","±17.9","7,573","±1,601","1,479","±760","19.5%","±8.5","808","±391","123","±152","15.2%","±17.3","569","±441","152","±254","26.7%","±37.9","1,599","±884","587","±511","36.7%","±25.4","934","±442","221","±184","23.7%","±17.7","858","±494","117","±141","13.6%","±16.6","38,198","±3,818","9,462","±2,254","24.8%","±4.8","4,362","±1,258","1,235","±759","28.3%","±14.7","1,855","±670","419","±306","22.6%","±14.1","1,113","±600","286","±426","25.7%","±32.6","14,452","±2,246","2,770","±908","19.2%","±5.8","1,843","±766","637","±594","34.6%","±23.3","12,526","±2,054","1,922","±831","15.3%","±5.9","9,165","±1,812","2,758","±945","30.1%","±9.0","3,833","±1,127","435","±486","11.3%","±11.9","3,919","±1,659","1,366","±974","34.9%","±15.2","5,404","±1,517","630","±539","11.7%","±9.7"
"                Female","2,046","±985","373","±293","18.2%","±13.8","764","±514","73","±120","9.6%","±17.1","958","±513","557","±431","58.1%","±24.4","8,072","±1,711","2,401","±947","29.7%","±9.0","1,718","±808","734","±625","42.7%","±26.4","747","±490","250","±263","33.5%","±30.9","737","±418","250","±216","33.9%","±25.2","1,478","±690","366","±329","24.8%","±21.4","1,186","±529","48","±83","4.0%","±7.3","34,075","±3,741","8,354","±2,202","24.5%","±5.4","3,007","±1,174","178","±138","5.9%","±4.6","1,065","±460","419","±305","39.3%","±20.9","712","±387","20","±36","2.8%","±5.4","11,710","±1,767","2,179","±937","18.6%","±7.5","1,835","±624","666","±444","36.3%","±18.4","10,951","±1,783","2,358","±939","21.5%","±6.8","7,063","±1,725","2,538","±978","35.9%","±10.3","5,226","±1,352","1,015","±705","19.4%","±12.1","3,254","±896","855","±497","26.3%","±13.5","5,669","±1,469","948","±473","16.7%","±8.0"
"    WORK EXPERIENCE","","","","","","","","","","","","","","","","","","","","","","","","","","","","","","","","","","","","","","","","","","","","","","","","","","","","","","","","","","","","","","","","","","","","","","","","","","","","","","","","","","","","","","","","","","","","","","","","","","","","","","","","","","","","","","","","","","","","","","","",""
"        Population 16 years and over","160,652","±1,257","15,855","±3,197","9.9%","±2.0","62,903","±795","5,957","±1,818","9.5%","±2.9","65,554","±714","6,886","±1,492","10.5%","±2.3","405,012","±1,736","34,642","±3,773","8.6%","±0.9","88,183","±902","10,809","±2,120","12.3%","±2.4","68,679","±1,507","6,391","±2,129","9.3%","±3.1","74,935","±596","7,818","±1,734","10.4%","±2.3","59,647","±1,177","6,389","±1,259","10.7%","±2.1","69,739","±2,907","5,701","±1,307","8.2%","±1.9","1,830,944","±3,133","166,488","±10,091","9.1%","±0.5","220,396","±1,628","18,327","±2,773","8.3%","±1.2","67,767","±720","9,065","±1,712","13.4%","±2.5","55,384","±709","6,095","±1,634","11.0%","±3.0","718,349","±3,633","53,633","±4,458","7.5%","±0.6","105,257","±723","11,906","±2,362","11.3%","±2.2","660,759","±2,286","46,181","±5,403","7.0%","±0.8","424,871","±2,332","48,531","±4,725","11.4%","±1.1","239,459","±1,708","23,614","±3,913","9.9%","±1.6","186,314","±1,798","23,142","±3,104","12.4%","±1.7","187,423","±1,526","21,881","±3,269","11.7%","±1.7"
"            Worked full-time, year-round in the past 12 months","64,176","±3,319","1,238","±733","1.9%","±1.1","24,602","±2,399","444","±412","1.8%","±1.7","18,299","±1,760","200","±225","1.1%","±1.2","163,098","±5,400","3,865","±1,357","2.4%","±0.8","31,654","±2,183","764","±582","2.4%","±1.8","35,130","±2,763","528","±571","1.5%","±1.6","30,308","±2,522","540","±380","1.8%","±1.3","19,918","±1,931","105","±134","0.5%","±0.7","24,929","±2,825","210","±251","0.8%","±1.0","849,611","±10,261","11,755","±1,953","1.4%","±0.2","85,612","±3,656","361","±234","0.4%","±0.3","23,716","±2,028","547","±444","2.3%","±1.9","19,567","±1,864","447","±382","2.3%","±2.0","323,127","±7,261","4,023","±1,390","1.2%","±0.4","36,670","±2,237","631","±442","1.7%","±1.2","295,201","±6,938","3,435","±1,313","1.2%","±0.4","169,654","±5,147","2,597","±890","1.5%","±0.5","99,680","±4,085","1,618","±960","1.6%","±1.0","65,930","±3,832","480","±384","0.7%","±0.6","71,678","±4,078","1,269","±635","1.8%","±0.9"
"            Worked part-time or part-year in the past 12 months","36,219","±3,808","3,087","±1,069","8.5%","±2.8","15,477","±2,006","1,443","±825","9.3%","±4.7","16,125","±2,028","2,031","±742","12.6%","±4.6","98,796","±5,556","10,107","±1,802","10.2%","±1.8","18,649","±1,945","2,781","±772","14.9%","±4.4","13,558","±2,223","1,091","±697","8.0%","±5.1","18,231","±2,357","1,438","±742","7.9%","±3.8","11,329","±1,444","1,316","±660","11.6%","±5.6","14,181","±1,543","1,029","±450","7.3%","±3.2","461,526","±8,999","56,812","±5,524","12.3%","±1.2","50,938","±4,369","5,439","±1,166","10.7%","±2.2","16,019","±2,397","1,827","±613","11.4%","±3.9","13,185","±1,952","1,243","±827","9.4%","±6.3","170,671","±6,384","15,271","±2,384","8.9%","±1.3","26,764","±2,540","4,171","±1,453","15.6%","±4.9","159,734","±6,023","10,145","±2,362","6.4%","±1.4","111,230","±5,392","16,477","±2,534","14.8%","±2.2","50,451","±3,608","5,855","±1,536","11.6%","±2.8","56,298","±4,246","10,501","±2,402","18.7%","±3.7","51,111","±3,766","7,061","±1,908","13.8%","±3.6"
"            Did not work","60,257","±3,593","11,530","±2,913","19.1%","±4.5","22,824","±2,046","4,070","±1,616","17.8%","±6.1","31,130","±1,968","4,655","±1,155","15.0%","±3.5","143,118","±4,580","20,670","±2,916","14.4%","±1.9","37,880","±2,173","7,264","±1,770","19.2%","±4.1","19,991","±2,089","4,772","±1,668","23.9%","±7.5","26,396","±2,394","5,840","±1,434","22.1%","±4.7","28,400","±2,025","4,968","±1,319","17.5%","±4.0","30,629","±1,934","4,462","±1,065","14.6%","±3.3","519,807","±11,450","97,921","±6,696","18.8%","±1.1","83,846","±3,302","12,527","±2,447","14.9%","±2.7","28,032","±2,095","6,691","±1,535","23.9%","±4.8","22,632","±1,651","4,405","±1,194","19.5%","±5.2","224,551","±6,895","34,339","±3,547","15.3%","±1.4","41,823","±2,238","7,104","±1,629","17.0%","±3.6","205,824","±5,549","32,601","±4,118","15.8%","±1.8","143,987","±5,135","29,457","±3,259","20.5%","±2.0","89,328","±4,732","16,141","±3,604","18.1%","±3.5","64,086","±3,875","12,161","±2,342","19.0%","±3.2","64,634","±3,079","13,551","±2,033","21.0%","±2.8"
"    ALL INDIVIDUALS WITH INCOME BELOW THE FOLLOWING POVERTY RATIOS","","","","","","","","","","","","","","","","","","","","","","","","","","","","","","","","","","","","","","","","","","","","","","","","","","","","","","","","","","","","","","","","","","","","","","","","","","","","","","","","","","","","","","","","","","","","","","","","","","","","","","","","","","","","","","","","","","","","","","","",""
"        50 percent of poverty level","8,254","±2,460","(X)","(X)","(X)","(X)","2,720","±1,372","(X)","(X)","(X)","(X)","5,731","±1,700","(X)","(X)","(X)","(X)","24,999","±4,166","(X)","(X)","(X)","(X)","5,714","±1,663","(X)","(X)","(X)","(X)","6,675","±3,269","(X)","(X)","(X)","(X)","6,242","±2,044","(X)","(X)","(X)","(X)","5,231","±1,975","(X)","(X)","(X)","(X)","4,247","±1,590","(X)","(X)","(X)","(X)","113,839","±11,370","(X)","(X)","(X)","(X)","10,518","±2,722","(X)","(X)","(X)","(X)","5,427","±1,453","(X)","(X)","(X)","(X)","4,721","±2,354","(X)","(X)","(X)","(X)","37,418","±4,696","(X)","(X)","(X)","(X)","6,870","±2,369","(X)","(X)","(X)","(X)","29,641","±5,547","(X)","(X)","(X)","(X)","28,975","±4,573","(X)","(X)","(X)","(X)","16,832","±4,078","(X)","(X)","(X)","(X)","15,637","±3,201","(X)","(X)","(X)","(X)","15,148","±4,218","(X)","(X)","(X)","(X)"
"        125 percent of poverty level","30,727","±5,635","(X)","(X)","(X)","(X)","11,160","±2,549","(X)","(X)","(X)","(X)","10,682","±2,179","(X)","(X)","(X)","(X)","62,154","±6,122","(X)","(X)","(X)","(X)","17,511","±3,449","(X)","(X)","(X)","(X)","16,015","±5,201","(X)","(X)","(X)","(X)","12,756","±2,656","(X)","(X)","(X)","(X)","10,661","±2,073","(X)","(X)","(X)","(X)","10,627","±2,357","(X)","(X)","(X)","(X)","252,380","±15,461","(X)","(X)","(X)","(X)","30,942","±4,822","(X)","(X)","(X)","(X)","14,479","±2,461","(X)","(X)","(X)","(X)","11,584","±2,774","(X)","(X)","(X)","(X)","94,947","±7,445","(X)","(X)","(X)","(X)","20,235","±3,788","(X)","(X)","(X)","(X)","75,655","±9,075","(X)","(X)","(X)","(X)","89,329","±8,749","(X)","(X)","(X)","(X)","38,861","±6,177","(X)","(X)","(X)","(X)","37,536","±4,528","(X)","(X)","(X)","(X)","49,957","±6,822","(X)","(X)","(X)","(X)"
"        150 percent of poverty level","40,463","±6,277","(X)","(X)","(X)","(X)","16,716","±3,261","(X)","(X)","(X)","(X)","16,911","±2,770","(X)","(X)","(X)","(X)","78,663","±8,457","(X)","(X)","(X)","(X)","22,154","±3,810","(X)","(X)","(X)","(X)","20,014","±5,361","(X)","(X)","(X)","(X)","18,307","±3,615","(X)","(X)","(X)","(X)","14,570","±2,712","(X)","(X)","(X)","(X)","11,464","±2,479","(X)","(X)","(X)","(X)","306,955","±16,258","(X)","(X)","(X)","(X)","40,183","±5,127","(X)","(X)","(X)","(X)","18,788","±3,399","(X)","(X)","(X)","(X)","13,356","±2,943","(X)","(X)","(X)","(X)","124,743","±8,339","(X)","(X)","(X)","(X)","24,334","±3,773","(X)","(X)","(X)","(X)","93,170","±9,700","(X)","(X)","(X)","(X)","110,064","±8,823","(X)","(X)","(X)","(X)","49,395","±6,841","(X)","(X)","(X)","(X)","45,992","±4,899","(X)","(X)","(X)","(X)","61,429","±7,287","(X)","(X)","(X)","(X)"
"        185 percent of poverty level","52,160","±7,156","(X)","(X)","(X)","(X)","23,293","±3,108","(X)","(X)","(X)","(X)","19,185","±2,839","(X)","(X)","(X)","(X)","102,091","±9,533","(X)","(X)","(X)","(X)","26,756","±3,897","(X)","(X)","(X)","(X)","23,088","±5,212","(X)","(X)","(X)","(X)","28,191","±4,411","(X)","(X)","(X)","(X)","22,803","±3,874","(X)","(X)","(X)","(X)","14,088","±2,987","(X)","(X)","(X)","(X)","375,116","±18,022","(X)","(X)","(X)","(X)","48,485","±4,834","(X)","(X)","(X)","(X)","22,899","±3,860","(X)","(X)","(X)","(X)","14,921","±2,958","(X)","(X)","(X)","(X)","162,901","±10,409","(X)","(X)","(X)","(X)","29,342","±3,741","(X)","(X)","(X)","(X)","125,451","±11,092","(X)","(X)","(X)","(X)","137,273","±9,656","(X)","(X)","(X)","(X)","63,159","±7,665","(X)","(X)","(X)","(X)","58,465","±5,675","(X)","(X)","(X)","(X)","84,540","±8,977","(X)","(X)","(X)","(X)"
"        200 percent of poverty level","58,139","±7,007","(X)","(X)","(X)","(X)","26,317","±3,357","(X)","(X)","(X)","(X)","21,087","±2,964","(X)","(X)","(X)","(X)","110,610","±9,498","(X)","(X)","(X)","(X)","31,266","±4,422","(X)","(X)","(X)","(X)","27,023","±4,560","(X)","(X)","(X)","(X)","32,862","±4,843","(X)","(X)","(X)","(X)","25,390","±3,945","(X)","(X)","(X)","(X)","15,327","±2,967","(X)","(X)","(X)","(X)","404,922","±16,624","(X)","(X)","(X)","(X)","51,945","±5,115","(X)","(X)","(X)","(X)","25,177","±3,964","(X)","(X)","(X)","(X)","15,870","±2,954","(X)","(X)","(X)","(X)","175,886","±10,618","(X)","(X)","(X)","(X)","32,378","±4,056","(X)","(X)","(X)","(X)","136,086","±11,455","(X)","(X)","(X)","(X)","148,198","±9,406","(X)","(X)","(X)","(X)","70,336","±7,569","(X)","(X)","(X)","(X)","61,056","±5,625","(X)","(X)","(X)","(X)","102,295","±8,314","(X)","(X)","(X)","(X)"
"        300 percent of poverty level","87,560","±7,966","(X)","(X)","(X)","(X)","36,964","±3,368","(X)","(X)","(X)","(X)","36,949","±2,881","(X)","(X)","(X)","(X)","196,681","±10,146","(X)","(X)","(X)","(X)","52,665","±4,877","(X)","(X)","(X)","(X)","47,692","±5,562","(X)","(X)","(X)","(X)","59,665","±5,707","(X)","(X)","(X)","(X)","38,886","±3,838","(X)","(X)","(X)","(X)","26,936","±3,279","(X)","(X)","(X)","(X)","632,624","±20,034","(X)","(X)","(X)","(X)","94,382","±7,877","(X)","(X)","(X)","(X)","38,376","±4,510","(X)","(X)","(X)","(X)","25,296","±2,985","(X)","(X)","(X)","(X)","308,178","±13,265","(X)","(X)","(X)","(X)","54,872","±4,023","(X)","(X)","(X)","(X)","238,583","±12,230","(X)","(X)","(X)","(X)","248,060","±11,018","(X)","(X)","(X)","(X)","108,088","±7,891","(X)","(X)","(X)","(X)","97,734","±6,250","(X)","(X)","(X)","(X)","151,800","±7,168","(X)","(X)","(X)","(X)"
"        400 percent of poverty level","111,256","±7,863","(X)","(X)","(X)","(X)","50,604","±3,911","(X)","(X)","(X)","(X)","50,655","±2,860","(X)","(X)","(X)","(X)","265,098","±9,892","(X)","(X)","(X)","(X)","68,949","±4,454","(X)","(X)","(X)","(X)","61,281","±4,509","(X)","(X)","(X)","(X)","75,412","±3,520","(X)","(X)","(X)","(X)","50,325","±3,175","(X)","(X)","(X)","(X)","42,077","±3,791","(X)","(X)","(X)","(X)","841,786","±22,040","(X)","(X)","(X)","(X)","126,403","±7,820","(X)","(X)","(X)","(X)","52,298","±3,835","(X)","(X)","(X)","(X)","38,351","±3,928","(X)","(X)","(X)","(X)","453,572","±13,716","(X)","(X)","(X)","(X)","74,228","±3,634","(X)","(X)","(X)","(X)","352,492","±11,828","(X)","(X)","(X)","(X)","326,817","±10,359","(X)","(X)","(X)","(X)","153,660","±8,118","(X)","(X)","(X)","(X)","126,043","±6,243","(X)","(X)","(X)","(X)","184,711","±7,226","(X)","(X)","(X)","(X)"
"        500 percent of poverty level","137,137","±7,083","(X)","(X)","(X)","(X)","57,066","±3,482","(X)","(X)","(X)","(X)","57,822","±2,533","(X)","(X)","(X)","(X)","334,649","±9,174","(X)","(X)","(X)","(X)","78,636","±4,727","(X)","(X)","(X)","(X)","71,539","±4,205","(X)","(X)","(X)","(X)","83,144","±2,994","(X)","(X)","(X)","(X)","57,788","±2,953","(X)","(X)","(X)","(X)","53,365","±3,806","(X)","(X)","(X)","(X)","1,030,747","±22,282","(X)","(X)","(X)","(X)","159,466","±7,751","(X)","(X)","(X)","(X)","62,189","±3,167","(X)","(X)","(X)","(X)","46,257","±3,359","(X)","(X)","(X)","(X)","563,578","±13,267","(X)","(X)","(X)","(X)","90,182","±3,334","(X)","(X)","(X)","(X)","460,882","±11,219","(X)","(X)","(X)","(X)","384,628","±8,363","(X)","(X)","(X)","(X)","189,253","±7,127","(X)","(X)","(X)","(X)","152,212","±5,941","(X)","(X)","(X)","(X)","205,958","±5,919","(X)","(X)","(X)","(X)"
"UNRELATED INDIVIDUALS FOR WHOM POVERTY STATUS IS DETERMINED","36,087","±3,505","6,385","±1,381","17.7%","±3.6","15,981","±2,421","2,235","±860","14.0%","±5.0","16,875","±1,659","3,460","±879","20.5%","±4.9","99,496","±5,423","21,031","±2,768","21.1%","±2.7","23,266","±2,672","6,365","±1,631","27.4%","±5.3","12,213","±2,747","2,972","±1,474","24.3%","±8.9","18,829","±2,382","4,566","±1,141","24.2%","±5.2","17,149","±2,069","3,845","±964","22.4%","±5.7","16,385","±2,229","3,411","±858","20.8%","±4.3","562,078","±14,399","100,792","±6,806","17.9%","±1.1","52,901","±4,281","9,799","±1,605","18.5%","±2.6","17,800","±1,767","6,294","±1,345","35.4%","±6.0","11,700","±1,685","3,638","±928","31.1%","±7.3","172,273","±7,789","33,191","±3,323","19.3%","±1.7","25,445","±2,420","5,711","±1,160","22.4%","±4.1","145,567","±7,271","25,482","±3,247","17.5%","±1.8","124,278","±6,985","29,756","±2,995","23.9%","±2.2","60,804","±4,441","12,556","±2,336","20.6%","±3.6","60,042","±5,066","15,291","±2,477","25.5%","±3.7","42,815","±3,401","11,377","±1,779","26.6%","±3.8"
"    Male","17,905","±1,993","2,501","±922","14.0%","±4.7","8,118","±1,829","1,086","±557","13.4%","±6.1","7,461","±1,150","1,697","±672","22.7%","±8.0","50,850","±3,497","10,534","±1,965","20.7%","±3.5","12,605","±1,785","2,687","±1,024","21.3%","±7.1","6,729","±2,055","1,395","±1,097","20.7%","±12.3","10,754","±1,505","2,392","±1,034","22.2%","±8.8","9,054","±1,277","1,962","±816","21.7%","±8.8","8,194","±1,414","1,624","±637","19.8%","±7.0","295,992","±9,873","46,431","±4,591","15.7%","±1.4","28,171","±3,015","5,195","±1,157","18.4%","±3.5","9,476","±1,197","2,478","±779","26.2%","±7.1","5,649","±1,103","1,618","±597","28.6%","±9.6","87,620","±4,994","15,089","±2,156","17.2%","±2.2","12,359","±1,501","3,041","±901","24.6%","±6.4","73,049","±4,559","11,320","±2,039","15.5%","±2.5","58,511","±4,532","12,750","±1,928","21.8%","±3.2","28,033","±2,915","5,773","±1,742","20.6%","±5.5","30,109","±3,016","7,832","±1,804","26.0%","±5.2","21,419","±2,083","4,620","±1,359","21.6%","±5.8"
"    Female","18,182","±2,386","3,884","±1,078","21.4%","±5.6","7,863","±1,201","1,149","±683","14.6%","±8.0","9,414","±1,126","1,763","±491","18.7%","±5.3","48,646","±3,351","10,497","±1,801","21.6%","±3.6","10,661","±1,809","3,678","±1,111","34.5%","±8.4","5,484","±1,293","1,577","±771","28.8%","±12.2","8,075","±1,435","2,174","±745","26.9%","±9.2","8,095","±1,307","1,883","±696","23.3%","±7.9","8,191","±1,385","1,787","±608","21.8%","±6.7","266,086","±7,961","54,361","±4,421","20.4%","±1.5","24,730","±2,282","4,604","±1,079","18.6%","±4.0","8,324","±1,141","3,816","±960","45.8%","±8.3","6,051","±1,135","2,020","±686","33.4%","±10.3","84,653","±4,773","18,102","±2,443","21.4%","±2.5","13,086","±1,432","2,670","±724","20.4%","±4.9","72,518","±4,381","14,162","±2,241","19.5%","±2.5","65,767","±3,953","17,006","±2,442","25.9%","±3.3","32,771","±3,040","6,783","±1,464","20.7%","±4.1","29,933","±2,863","7,459","±1,641","24.9%","±4.9","21,396","±2,254","6,757","±1,381","31.6%","±5.8"
"    15 years","165","±253","165","±253","100.0%","±55.5","0","±213","0","±213","-","**","0","±213","0","±213","-","**","134","±209","134","±209","100.0%","±61.5","0","±213","0","±213","-","**","0","±213","0","±213","-","**","0","±213","0","±213","-","**","0","±213","0","±213","-","**","0","±213","0","±213","-","**","348","±283","348","±283","100.0%","±38.2","4","±8","4","±8","100.0%","±100.0","138","±175","138","±175","100.0%","±60.6","50","±83","50","±83","100.0%","±100.0","621","±537","591","±536","95.2%","±9.0","0","±213","0","±213","-","**","55","±66","55","±66","100.0%","±96.0","184","±222","184","±222","100.0%","±52.5","11","±25","11","±25","100.0%","±100.0","106","±174","106","±174","100.0%","±69.2","0","±213","0","±213","-","**"
"    16 to 17 years","5","±12","5","±12","100.0%","±100.0","0","±213","0","±213","-","**","0","±213","0","±213","-","**","872","±637","872","±637","100.0%","±19.2","334","±303","334","±303","100.0%","±39.0","0","±213","0","±213","-","**","0","±213","0","±213","-","**","0","±213","0","±213","-","**","0","±213","0","±213","-","**","775","±477","775","±477","100.0%","±21.3","163","±209","98","±173","60.1%","±60.1","47","±75","0","±213","0.0%","±100.0","51","±83","0","±213","0.0%","±99.7","579","±371","550","±353","95.0%","±8.0","45","±84","45","±84","100.0%","±100.0","411","±352","411","±352","100.0%","±34.7","113","±116","113","±116","100.0%","±67.0","221","±259","221","±259","100.0%","±47.9","483","±582","483","±582","100.0%","±31.1","361","±442","361","±442","100.0%","±37.5"
"    18 to 24 years","3,822","±1,382","799","±553","20.9%","±14.3","2,122","±1,070","210","±325","9.9%","±15.3","1,057","±599","365","±313","34.5%","±26.0","10,576","±1,722","3,268","±1,080","30.9%","±9.6","1,215","±812","277","±295","22.8%","±25.9","1,482","±904","401","±492","27.1%","±25.5","2,643","±1,145","596","±608","22.6%","±25.7","1,601","±850","367","±319","22.9%","±16.6","822","±592","170","±201","20.7%","±25.1","62,961","±4,440","25,902","±3,782","41.1%","±4.6","6,556","±1,531","1,341","±653","20.5%","±9.3","1,077","±587","811","±565","75.3%","±21.3","745","±501","243","±165","32.6%","±21.0","15,545","±2,638","4,473","±1,629","28.8%","±8.5","2,436","±783","297","±223","12.2%","±9.3","9,805","±2,180","3,093","±1,326","31.5%","±9.8","16,788","±2,054","6,248","±1,519","37.2%","±7.6","7,476","±1,574","3,242","±1,201","43.4%","±11.9","15,764","±1,870","6,781","±1,714","43.0%","±9.5","3,085","±974","864","±406","28.0%","±12.2"
"    25 to 34 years","8,282","±2,102","916","±590","11.1%","±6.8","3,101","±1,286","30","±43","1.0%","±1.4","3,162","±942","278","±227","8.8%","±7.4","25,473","±2,548","5,283","±1,359","20.7%","±4.9","3,496","±922","1,205","±690","34.5%","±16.8","3,767","±1,209","658","±446","17.5%","±12.5","5,234","±1,401","1,337","±634","25.5%","±12.3","2,525","±856","707","±364","28.0%","±14.1","2,109","±745","635","±355","30.1%","±13.9","191,100","±7,744","20,194","±2,723","10.6%","±1.5","12,515","±1,831","1,856","±888","14.8%","±6.7","3,016","±863","702","±389","23.3%","±12.6","2,680","±1,072","539","±391","20.1%","±12.8","45,798","±4,171","5,510","±1,372","12.0%","±3.0","5,337","±1,024","1,159","±578","21.7%","±10.1","33,644","±3,199","4,378","±1,434","13.0%","±4.1","27,743","±3,312","5,311","±1,422","19.1%","±4.5","12,969","±2,339","3,185","±1,333","24.6%","±9.2","14,101","±2,707","2,700","±1,449","19.1%","±9.3","7,756","±1,854","1,988","±723","25.6%","±9.4"
"    35 to 44 years","3,610","±1,212","464","±321","12.9%","±8.7","1,228","±655","151","±251","12.3%","±19.9","1,758","±687","462","±326","26.3%","±16.3","14,252","±2,067","1,780","±598","12.5%","±4.3","2,504","±880","836","±578","33.4%","±19.6","2,929","±1,261","470","±660","16.0%","±18.4","1,851","±637","631","±393","34.1%","±21.1","2,098","±686","742","±411","35.4%","±20.8","1,493","±645","195","±241","13.1%","±14.6","83,242","±5,220","11,518","±2,009","13.8%","±2.4","5,859","±1,275","837","±494","14.3%","±8.1","1,157","±647","385","±474","33.3%","±28.0","841","±468","252","±230","30.0%","±23.4","23,909","±3,296","4,519","±1,334","18.9%","±5.0","2,763","±797","1,225","±673","44.3%","±17.8","22,172","±2,495","3,163","±869","14.3%","±3.3","15,521","±2,113","4,396","±1,215","28.3%","±7.4","8,793","±1,838","1,139","±872","13.0%","±9.3","4,862","±1,111","1,051","±573","21.6%","±10.9","5,560","±1,182","1,197","±584","21.5%","±9.6"
"    45 to 54 years","4,286","±1,003","870","±665","20.3%","±14.1","1,823","±832","639","±517","35.1%","±20.6","1,815","±723","576","±451","31.7%","±21.8","11,384","±1,880","2,674","±1,145","23.5%","±8.8","3,534","±1,160","849","±676","24.0%","±15.3","1,077","±542","164","±213","15.2%","±17.3","1,536","±759","502","±436","32.7%","±21.7","2,113","±650","440","±352","20.8%","±16.0","1,599","±582","394","±284","24.6%","±15.3","61,586","±5,042","9,344","±1,845","15.2%","±2.5","5,451","±1,311","1,005","±481","18.4%","±9.1","2,504","±756","476","±268","19.0%","±12.4","1,286","±588","520","±394","40.4%","±24.1","20,892","±2,517","4,825","±1,457","23.1%","±5.7","2,989","±799","1,089","±470","36.4%","±12.5","19,172","±2,357","3,032","±908","15.8%","±4.6","15,346","±2,170","2,798","±893","18.2%","±5.9","6,187","±1,288","659","±372","10.7%","±5.5","4,626","±1,188","698","±532","15.1%","±10.9","7,281","±1,161","1,929","±795","26.5%","±10.3"
"    55 to 64 years","5,859","±1,163","1,551","±930","26.5%","±14.0","3,036","±927","615","±544","20.3%","±17.4","2,807","±735","626","±336","22.3%","±11.2","13,805","±1,981","2,854","±931","20.7%","±6.2","4,789","±1,193","1,687","±674","35.2%","±10.5","1,163","±614","170","±171","14.6%","±14.6","2,938","±1,028","1,115","±686","38.0%","±17.0","3,111","±726","927","±514","29.8%","±14.2","3,631","±915","775","±405","21.3%","±10.7","65,401","±4,462","15,970","±3,252","24.4%","±4.3","7,638","±1,372","1,999","±710","26.2%","±8.4","4,386","±903","2,199","±802","50.1%","±13.9","2,894","±827","1,377","±616","47.6%","±16.5","27,191","±2,868","5,489","±1,282","20.2%","±4.1","4,472","±912","1,123","±436","25.1%","±9.6","26,019","±2,421","4,832","±1,346","18.6%","±4.4","20,239","±2,350","5,017","±1,123","24.8%","±5.4","9,380","±1,407","2,270","±816","24.2%","±8.0","5,546","±1,168","1,559","±735","28.1%","±11.9","6,611","±1,263","2,326","±898","35.2%","±10.9"
"    65 to 74 years","5,077","±1,201","663","±353","13.1%","±7.1","2,081","±804","334","±319","16.0%","±14.1","3,380","±793","757","±349","22.4%","±9.5","13,083","±1,999","2,132","±777","16.3%","±5.1","4,391","±899","584","±360","13.3%","±7.6","1,376","±761","1,066","±711","77.5%","±19.1","2,698","±701","258","±282","9.6%","±10.4","3,153","±896","216","±222","6.9%","±6.9","4,134","±854","1,033","±484","25.0%","±10.1","52,259","±3,442","9,017","±1,480","17.3%","±2.5","8,544","±1,517","1,577","±670","18.5%","±7.0","2,951","±805","1,023","±556","34.7%","±13.7","1,863","±677","237","±209","12.7%","±11.4","20,002","±2,330","3,864","±1,022","19.3%","±4.5","3,745","±633","480","±215","12.8%","±5.4","19,952","±1,853","3,489","±842","17.5%","±3.8","15,921","±1,887","3,144","±813","19.7%","±5.0","9,614","±1,467","1,153","±626","12.0%","±6.6","8,222","±1,575","1,047","±673","12.7%","±7.5","7,242","±1,163","1,647","±590","22.7%","±7.2"
"    75 years and over","4,981","±933","952","±564","19.1%","±10.9","2,590","±537","256","±240","9.9%","±9.0","2,896","±783","396","±282","13.7%","±8.6","9,917","±1,250","2,034","±645","20.5%","±6.1","3,003","±602","593","±358","19.7%","±11.1","419","±225","43","±65","10.3%","±16.1","1,929","±566","127","±131","6.6%","±7.1","2,548","±538","446","±290","17.5%","±11.5","2,597","±757","209","±148","8.0%","±5.1","44,406","±2,902","7,724","±1,432","17.4%","±3.4","6,171","±1,198","1,082","±455","17.5%","±6.8","2,524","±628","560","±341","22.2%","±12.6","1,290","±524","420","±310","32.6%","±19.3","17,736","±1,774","3,370","±931","19.0%","±4.5","3,658","±660","293","±186","8.0%","±5.1","14,337","±1,513","3,029","±919","21.1%","±6.1","12,423","±1,365","2,545","±764","20.5%","±5.6","6,153","±1,148","676","±379","11.0%","±5.8","6,332","±1,096","866","±423","13.7%","±6.8","4,919","±1,084","1,065","±350","21.7%","±7.0"
"    Mean income deficit for unrelated individuals (dollars)","8,308","±1,126","(X)","(X)","(X)","(X)","6,284","±2,066","(X)","(X)","(X)","(X)","7,705","±1,432","(X)","(X)","(X)","(X)","8,648","±630","(X)","(X)","(X)","(X)","8,347","±1,150","(X)","(X)","(X)","(X)","9,896","±1,946","(X)","(X)","(X)","(X)","9,698","±1,419","(X)","(X)","(X)","(X)","7,472","±1,508","(X)","(X)","(X)","(X)","8,251","±1,288","(X)","(X)","(X)","(X)","8,646","±257","(X)","(X)","(X)","(X)","6,848","±991","(X)","(X)","(X)","(X)","7,977","±1,156","(X)","(X)","(X)","(X)","8,275","±1,230","(X)","(X)","(X)","(X)","8,740","±453","(X)","(X)","(X)","(X)","7,901","±1,121","(X)","(X)","(X)","(X)","8,365","±553","(X)","(X)","(X)","(X)","7,665","±609","(X)","(X)","(X)","(X)","8,652","±917","(X)","(X)","(X)","(X)","8,780","±891","(X)","(X)","(X)","(X)","7,808","±745","(X)","(X)","(X)","(X)"
"    Worked full-time, year-round in the past 12 months","14,608","±2,492","149","±199","1.0%","±1.3","6,769","±1,606","152","±249","2.2%","±3.6","4,834","±1,031","176","±210","3.6%","±4.4","44,104","±4,134","1,917","±923","4.3%","±2.1","8,161","±1,603","140","±175","1.7%","±2.1","6,468","±1,611","0","±213","0.0%","±2.9","7,584","±1,842","124","±155","1.6%","±2.0","5,523","±1,246","58","±96","1.1%","±1.7","5,969","±1,232","15","±24","0.3%","±0.4","278,096","±9,716","5,266","±1,417","1.9%","±0.5","22,601","±2,536","281","±224","1.2%","±1.0","5,238","±1,216","221","±317","4.2%","±6.0","4,315","±1,269","110","±148","2.5%","±3.5","79,079","±5,818","1,779","±927","2.2%","±1.1","9,578","±1,473","300","±356","3.1%","±3.7","68,693","±4,757","2,039","±1,106","3.0%","±1.5","49,363","±4,771","1,245","±570","2.5%","±1.2","26,099","±3,206","231","±225","0.9%","±0.9","19,226","±3,154","113","±156","0.6%","±0.8","15,258","±2,151","158","±183","1.0%","±1.2"
"    Worked less than full-time, year-round in the past 12 months","7,316","±1,566","1,274","±648","17.4%","±8.1","4,050","±1,328","408","±393","10.1%","±9.2","4,915","±1,318","1,204","±548","24.5%","±10.2","22,509","±2,876","6,103","±1,377","27.1%","±5.9","3,827","±1,040","1,357","±613","35.5%","±12.5","2,093","±971","139","±200","6.6%","±9.5","3,247","±1,079","1,057","±632","32.6%","±15.0","3,753","±1,008","963","±656","25.7%","±14.9","2,516","±752","498","±259","19.8%","±9.9","149,697","±6,958","36,541","±4,202","24.4%","±2.5","12,690","±2,576","3,230","±950","25.5%","±6.0","2,716","±695","895","±422","33.0%","±11.4","1,906","±786","286","±232","15.0%","±12.0","38,390","±4,065","8,686","±1,678","22.6%","±3.6","6,298","±1,403","2,148","±895","34.1%","±10.4","33,131","±3,422","6,014","±1,450","18.2%","±3.6","32,332","±3,377","10,496","±1,836","32.5%","±5.7","14,700","±2,079","4,413","±1,379","30.0%","±7.7","21,896","±2,983","7,401","±1,803","33.8%","±7.0","9,359","±1,758","3,004","±1,066","32.1%","±10.4"
"    Did not work","14,163","±2,119","4,962","±1,418","35.0%","±8.1","5,162","±1,227","1,675","±809","32.4%","±11.4","7,126","±1,137","2,080","±693","29.2%","±8.5","32,883","±2,867","13,011","±2,121","39.6%","±4.8","11,278","±1,979","4,868","±1,345","43.2%","±7.6","3,652","±1,613","2,833","±1,433","77.6%","±10.8","7,998","±1,368","3,385","±1,033","42.3%","±9.3","7,873","±1,383","2,824","±931","35.9%","±9.3","7,900","±1,486","2,898","±808","36.7%","±7.9","134,285","±6,963","58,985","±4,980","43.9%","±2.7","17,610","±1,931","6,288","±1,181","35.7%","±5.9","9,846","±1,550","5,178","±1,225","52.6%","±8.5","5,479","±1,134","3,242","±884","59.2%","±10.1","54,804","±3,864","22,726","±2,622","41.5%","±3.4","9,569","±1,390","3,263","±793","34.1%","±6.3","43,743","±3,040","17,429","±2,407","39.8%","±4.1","42,583","±3,349","18,015","±2,109","42.3%","±3.7","20,005","±2,569","7,912","±1,903","39.6%","±6.7","18,920","±2,813","7,777","±1,810","41.1%","±6.4","18,198","±2,205","8,215","±1,508","45.1%","±6.5"
"    Population in housing units for whom poverty status is determined","206,841","±1,398","23,177","±4,733","11.2%","±2.3","78,363","±812","7,750","±2,603","9.9%","±3.3","77,203","±536","8,915","±2,077","11.5%","±2.7","506,048","±1,269","45,277","±5,781","8.9%","±1.1","110,028","±703","13,247","±2,829","12.0%","±2.6","94,934","±1,329","10,557","±4,262","11.1%","±4.5","99,049","±441","10,085","±2,539","10.2%","±2.6","72,927","±1,021","8,429","±2,006","11.6%","±2.7","83,676","±3,026","7,108","±1,968","8.5%","±2.4","2,210,594","±3,410","201,588","±13,746","9.1%","±0.6","266,987","±1,558","22,619","±3,547","8.5%","±1.3","83,025","±683","11,547","±2,246","13.9%","±2.7","66,193","±692","8,369","±2,728","12.6%","±4.1","901,313","±4,157","69,514","±7,340","7.7%","±0.8","128,731","±914","16,052","±3,561","12.5%","±2.8","822,264","±2,260","57,065","±7,543","6.9%","±0.9","526,641","±2,449","56,797","±6,576","10.8%","±1.3","293,351","±1,330","30,607","±5,597","10.4%","±1.9","222,700","±1,874","30,508","±4,705","13.7%","±2.1","251,414","±1,584","34,845","±6,079","13.9%","±2.4"